review_id,course_url,review_date,review_content,stars
R0020385,/learn/c-for-everyone?specialization=coding-for-everyone,2022-07-10,"Great course in Machine Learning for begineers, still required more details and topics which are required to be known for a begineer to get the solid understanding in ML",4
R0002287,/learn/leading-teams-developing-as-a-leader?specialization=strategic-leadership,2023-01-06,The class was full of mathematic. There were python code in labs but no explanation about python by instructor.,2
R0002692,/learn/leading-teams-developing-as-a-leader?specialization=strategic-leadership,2022-10-20,Lectures were very clear and smoothly explained but the discussed consepts were only for complete begginers.,3
R0003113,/learn/leading-teams-developing-as-a-leader?specialization=strategic-leadership,2022-08-22,"very good course, but i hope to get SVM with Mr.Andrew as i got regression.",5
R0012456,/learn/google-machine-learning?specialization=machine-learning-tensorflow-gcp,2022-08-21,This improved version is a lot easier to follow comparing with 3 years ago.,5
R0069535,/learn/java-programming?specialization=object-oriented-programming,2022-07-04,"Better than the original due to the interactive Jupyter notebooks written in modern Python, than the Octave environment…",5
R0002249,/learn/leading-teams-developing-as-a-leader?specialization=strategic-leadership,2023-01-13,It gave me the fundamental building blocks of Machine Learning.,4
R0002320,/learn/leading-teams-developing-as-a-leader?specialization=strategic-leadership,2022-12-31,"A super friendly and pedagogical approach to learning the core concepts of Machine Learning, the syllabus is perfect for people that have some basic math and programming knowledge, and want to get into ML.Andrew Ng is a superb teacher, one of the best online courses I did.",5
R0003257,/learn/leading-teams-developing-as-a-leader?specialization=strategic-leadership,2022-08-07,Excellent course! I really enjoyed the laboratory exercises.,5
R0012160,/learn/google-machine-learning?specialization=machine-learning-tensorflow-gcp,2022-09-30,"iIt was my frist machine learning course , learned many concepts and this course created more interest in learning…",3
R0002311,/learn/leading-teams-developing-as-a-leader?specialization=strategic-leadership,2023-01-01,Regularization wasn't clear. Other than that the course was great,4
R0016590,/learn/exposure-photography?specialization=photography-basics,2022-08-01,Great course for complete beginners.,5
R0016419,/learn/exposure-photography?specialization=photography-basics,2022-08-19,It's a very comprehensive course for beginners.,5
R0003127,/learn/leading-teams-developing-as-a-leader?specialization=strategic-leadership,2022-08-21,The labwork can be much much better,4
R0004041,/learn/designing-organization?specialization=strategic-leadership,2023-01-27,"I really like the approach to learning that Coursera offers, this was my first course, but certainly not my last.",5
R0002302,/learn/leading-teams-developing-as-a-leader?specialization=strategic-leadership,2023-01-02,A well and thought out course,5
R0020371,/learn/c-for-everyone?specialization=coding-for-everyone,2022-07-11,Andrew sir's teaching made the course interesting and exciting.,4
R0002990,/learn/leading-teams-developing-as-a-leader?specialization=strategic-leadership,2022-09-06,Great course with a great teacher. Thanks a lot!,5
R0012219,/learn/google-machine-learning?specialization=machine-learning-tensorflow-gcp,2022-09-22,"The course was very elaborate, and the exercises were illustrative.",4
R0002314,/learn/leading-teams-developing-as-a-leader?specialization=strategic-leadership,2023-01-01,it was nice course with hands on lab and extensive visualizing for mathematical concepts,4
R0020443,/learn/c-for-everyone?specialization=coding-for-everyone,2022-07-04,This course solidified my decision to pursue AI!,5
R0011800,/learn/google-machine-learning?specialization=machine-learning-tensorflow-gcp,2022-12-01,"You need to know Python, calculus and linear algebra for this course.",2
R0003197,/learn/leading-teams-developing-as-a-leader?specialization=strategic-leadership,2022-08-14,Great course. Even if you are not new to ML this is a good course to take.,5
R0003185,/learn/leading-teams-developing-as-a-leader?specialization=strategic-leadership,2022-08-16,"Good One, the course is to the point . Please include linear algebra as it was added in the older version .",4
R0003443,/learn/leading-teams-developing-as-a-leader?specialization=strategic-leadership,2022-07-21,It was fantastic! Andrew is a very good instructor. He made most of the concepts crystal clear while explaining the ideas.,4
R0003002,/learn/leading-teams-developing-as-a-leader?specialization=strategic-leadership,2022-09-05,"It is a nice course , from this i learned what is regression and classifications in machine learning",4
R0002605,/learn/leading-teams-developing-as-a-leader?specialization=strategic-leadership,2022-11-05,"Lectures and assignments are well very curated, but assignments are far too easy and encourage explicit imperative programming (for loops and mutated state) rather than vectorisation, which goes against the taught material. Very odd - that's the reason for the 4 stars only.",4
R0003104,/learn/leading-teams-developing-as-a-leader?specialization=strategic-leadership,2022-08-23,"The lab classes could also be thought as a compulsory part of the course ,otherwise a really good and a recommendable course.",4
R0002275,/learn/leading-teams-developing-as-a-leader?specialization=strategic-leadership,2023-01-08,I really enjoy this course and I do learn a lot about regression and classification model,5
R0003215,/learn/leading-teams-developing-as-a-leader?specialization=strategic-leadership,2022-08-12,Good for beginners.,5
R0003946,/learn/designing-organization?specialization=strategic-leadership,2023-02-14,First too easy and at the last assignment no chance to get help for weeks.,1
R0003933,/learn/designing-organization?specialization=strategic-leadership,2023-02-18,Too much content per week.,2
R0003939,/learn/designing-organization?specialization=strategic-leadership,2023-02-16,It is pretty good yet i wished if they made the optional labs not optional and concetrate at code live implementation…,4
R0012460,/learn/google-machine-learning?specialization=machine-learning-tensorflow-gcp,2022-08-21,The code need to be explained because there are many functions student doesn't know.,4
R0002538,/learn/leading-teams-developing-as-a-leader?specialization=strategic-leadership,2022-11-16,This a great course to get to know about the backbone of machine learning algorithms.,5
R0004099,/learn/designing-organization?specialization=strategic-leadership,2023-01-13,Andrew Ng did a great job explaining machine learning.,5
R0002756,/learn/leading-teams-developing-as-a-leader?specialization=strategic-leadership,2022-10-10,Incredible resource for learning ai.,5
R0016564,/learn/exposure-photography?specialization=photography-basics,2022-08-04,"The explanations by Professor Ng were very detailed and precise, which made it better for me to understand while…",5
R0003080,/learn/leading-teams-developing-as-a-leader?specialization=strategic-leadership,2022-08-25,"THIS is an example of how the courses on this platform should be! Very balanced with theory and practice, good lectures, amazing community, LOTS of practice, and more! Did not disappoint at all!",5
R0004114,/learn/designing-organization?specialization=strategic-leadership,2023-01-11,"The structure of the course is good and so is all the information presented, but you could probably pass it without…",4
R0002897,/learn/leading-teams-developing-as-a-leader?specialization=strategic-leadership,2022-09-21,more coding exercises would be great!,4
R0002862,/learn/leading-teams-developing-as-a-leader?specialization=strategic-leadership,2022-09-26,Execptional Teaching!,5
R0016699,/learn/exposure-photography?specialization=photography-basics,2022-07-22,"I have just finished the old machine learning course, and I'm doing this because I'm learning python/numpy/matplotlib.",3
R0156600,/learn/wharton-customer-analytics?specialization=business-analytics,2022-06-25,"In general, I think it was a valuable course to take.",3
R0002263,/learn/leading-teams-developing-as-a-leader?specialization=strategic-leadership,2023-01-11,"Started easy, and finished hard. Fantastic course!",5
R0002497,/learn/leading-teams-developing-as-a-leader?specialization=strategic-leadership,2022-11-26,Top Notch !,5
R0020506,/learn/c-for-everyone?specialization=coding-for-everyone,2022-06-25,"In general, I think it was a valuable course to take. I like the way Andrew tried to conveying the ideas intuitively to make sure the students understood the methods behind the learning algorithms. However, I would've loved if there was more in-depth treatment for the Math aspects of the obtained results. Also, the assignments + Optional labs were not as engaging as I hoped. What I mean by that is, it almost required no deep thought from our side to implement the procedures. In other words, there was a lot of skeleton code that makes you ""implement"" the algorithms with almost no thought (which I don't think is beneficial to the student's learning experience)",3
R0002479,/learn/leading-teams-developing-as-a-leader?specialization=strategic-leadership,2022-11-29,"Great course if you know how to program, but you really need a python background to appreciate it.",2
R0003172,/learn/leading-teams-developing-as-a-leader?specialization=strategic-leadership,2022-08-16,"I like how the course focus in the math behind the algorithms. I think that is important to better underestand the limitations and advantages of different algorithms,",5
R0003342,/learn/leading-teams-developing-as-a-leader?specialization=strategic-leadership,2022-07-30,"ts a very helpful course to get into AI, i would sa it could use a bit more coding in the videos to demonistrate",4
R0004096,/learn/designing-organization?specialization=strategic-leadership,2023-01-13,Andrew does an amazing job at teaching this course and explains everything succinctly and clearly.,5
R0002663,/learn/leading-teams-developing-as-a-leader?specialization=strategic-leadership,2022-10-25,"Beginner friendly, thank you for this course. I have a civil engineering background with no or very little programming knowledge and about ML and I never had to refer something outside of this course materials because of lack of understanding.",5
R0002684,/learn/leading-teams-developing-as-a-leader?specialization=strategic-leadership,2022-10-22,I had completed my course and why I did'nt get my completion certificate?,1
R0002765,/learn/leading-teams-developing-as-a-leader?specialization=strategic-leadership,2022-10-10,This is the best course i've taken on coursera so FAR,5
R0002230,/learn/leading-teams-developing-as-a-leader?specialization=strategic-leadership,2023-01-16,very good and let me love the ML field!,5
R0003438,/learn/leading-teams-developing-as-a-leader?specialization=strategic-leadership,2022-07-21,Great content and learning pace. Just think the assignements could be harder.,4
R0003913,/learn/designing-organization?specialization=strategic-leadership,2023-02-21,Excellent course.,5
R0002236,/learn/leading-teams-developing-as-a-leader?specialization=strategic-leadership,2023-01-15,Very good course. It shows all of the mathematical components of machine learning and how we can utilize these math skills to put together a reliable model while making sure it is accurate to the data and the trends we see are right.,4
R0012039,/learn/google-machine-learning?specialization=machine-learning-tensorflow-gcp,2022-10-18,"I want to thank everyone, the course taught me a lot.",5
R0003007,/learn/leading-teams-developing-as-a-leader?specialization=strategic-leadership,2022-09-04,Good explanation of concepts. Assignments were straightforward for someone with modest Python experience. This first fragmetn of the original ML course felt short.,4
R0156631,/learn/wharton-customer-analytics?specialization=business-analytics,2022-06-18,very useful! Prof. Andrew Ng is absultely a great educator.,5
R0011891,/learn/google-machine-learning?specialization=machine-learning-tensorflow-gcp,2022-11-13,"Great introductory course, Andrew is really talented in making everything he says crystal clear.",4
R0002434,/learn/leading-teams-developing-as-a-leader?specialization=strategic-leadership,2022-12-10,"The course is interesting but focuses on very theoretical aspects, more suited to academia than the working world. Unfortunately, the audio is not the best.",3
R0020414,/learn/c-for-everyone?specialization=coding-for-everyone,2022-07-07,The quizes are too straight forward and simple. The code exercise too short as well.Also disappointed that vectorisation is introduced but cost and loss functions are still calculated in for loops.,2
R0002593,/learn/leading-teams-developing-as-a-leader?specialization=strategic-leadership,2022-11-06,The focus of the whole course is on gradient descent. I guess it is needed for some other algorithms but here we could have just found the derivative. If I had no background in math and statistics I would give up ML seeing this.,3
R0003293,/learn/leading-teams-developing-as-a-leader?specialization=strategic-leadership,2022-08-04,"The explanations by Professor Ng were very detailed and precise, which made it better for me to understand while reviewing the material. I also liked how this version uses Python to supplement learning, rather than Octave. The only thing I wished he would have touched a bit more on the math behind the algorithms.",5
R0002825,/learn/leading-teams-developing-as-a-leader?specialization=strategic-leadership,2022-09-30,"iIt was my frist machine learning course , learned many concepts and this course created more interest in learning advanced algorithms and explore much more concepts",3
R0156633,/learn/wharton-customer-analytics?specialization=business-analytics,2022-06-18,"Andrew Ng is a very good professor, he explains complex concepts in a very simple way and with the help of many visualization and graphing tools. Highly recommended course!",5
R0003390,/learn/leading-teams-developing-as-a-leader?specialization=strategic-leadership,2022-07-25,Great course but I wish instructor also explaned the option lap code as well.,4
R0012046,/learn/google-machine-learning?specialization=machine-learning-tensorflow-gcp,2022-10-17,This is Very useful for those who want to get started with Machine Learning.The course has a very well designed material…,5
R0003355,/learn/leading-teams-developing-as-a-leader?specialization=strategic-leadership,2022-07-28,great course to start Machine Learning,4
R0002219,/learn/leading-teams-developing-as-a-leader?specialization=strategic-leadership,2023-01-19,Great introduction to ML algorithm implementation !,5
R0020492,/learn/c-for-everyone?specialization=coding-for-everyone,2022-06-26,Refresh myself about machine learning from Ng's lectures.,5
R0012305,/learn/google-machine-learning?specialization=machine-learning-tensorflow-gcp,2022-09-09,"I don't know if I'm perhaps not the target group of this course, so perhaps my review isn't relevant.The course itself…",3
R0012407,/learn/google-machine-learning?specialization=machine-learning-tensorflow-gcp,2022-08-27,One Word : Excellent.,5
R0016751,/learn/exposure-photography?specialization=photography-basics,2022-07-16,i really have enjoyed the course,5
R0003025,/learn/leading-teams-developing-as-a-leader?specialization=strategic-leadership,2022-09-02,"The course is good but once you cancel the subscription, you lose access to the codes. I think that should be change.",3
R0002115,/learn/leading-teams-developing-as-a-leader?specialization=strategic-leadership,2023-02-12,This course is very helpful to grasp the basics of ML. It contains a lot of fundamental concepts.,5
R0004004,/learn/designing-organization?specialization=strategic-leadership,2023-02-03,This course is best for getting knowledge of what is machine learning really is.,5
R0002834,/learn/leading-teams-developing-as-a-leader?specialization=strategic-leadership,2022-09-29,it is the course for everyone...,5
R0003291,/learn/leading-teams-developing-as-a-leader?specialization=strategic-leadership,2022-08-05,Unable to Open the labs and submit the lab assignments,1
R0016780,/learn/exposure-photography?specialization=photography-basics,2022-07-13,"I think it was a really good beginner course, but frankly, a bit slow at times (maybe a bit more could be added to really make it 3 weeks of work?)",4
R0002820,/learn/leading-teams-developing-as-a-leader?specialization=strategic-leadership,2022-10-02,Practice labs are not well organized as previous course. The optional labs have less hands on activities which gives less hands on activities for the learner. It would be great if there could be more activities that the learner could perform instead of just looking at the code,3
R0002341,/learn/leading-teams-developing-as-a-leader?specialization=strategic-leadership,2022-12-27,One of the best course for beginners .,5
R0002712,/learn/leading-teams-developing-as-a-leader?specialization=strategic-leadership,2022-10-17,so easy for newbie,5
R0003052,/learn/leading-teams-developing-as-a-leader?specialization=strategic-leadership,2022-08-29,"Well taught, very beginer friendly. In my oppinion could have gone into more detail on some of the maths derivations for those who were interested as additional optional lessons.",4
R0016443,/learn/exposure-photography?specialization=photography-basics,2022-08-16,I like how the course focus in the math behind the algorithms.,5
R0016415,/learn/exposure-photography?specialization=photography-basics,2022-08-20,"if labs were optional then why are there compulsory coding assignments, labs must not be optional, instead make us type…",3
R0003449,/learn/leading-teams-developing-as-a-leader?specialization=strategic-leadership,2022-07-20,"Terrific !!! This is an excellant course that give you in-depth intuition behind the famous regression and classification algorithms. Though most of these algorithms are now readily available in scikit learn, however it's better to understand them before using them blindly. This could also help you to reate an algorithm of your own.None the less the exercise are good and the jupyter labs are exceptionals with interactive examples.I would highly recommend this course specialization to anyone who wants to start their machine learning journey.Respected Andrew Ng and his team are incredible. I am really grateful and learn a lot of good things from this course.",5
R0002390,/learn/leading-teams-developing-as-a-leader?specialization=strategic-leadership,2022-12-18,"Real life dataset use would have been more helpful.Also, use of scikit-learn could have been explored more.",4
R0011779,/learn/google-machine-learning?specialization=machine-learning-tensorflow-gcp,2022-12-06,the course is well structured and you'll gain the fundamentals of ML.,3
R0002298,/learn/leading-teams-developing-as-a-leader?specialization=strategic-leadership,2023-01-03,Very good course,5
R0002284,/learn/leading-teams-developing-as-a-leader?specialization=strategic-leadership,2023-01-07,Great explanations and interesting labs. Hope to see some more advanced courses from here.,5
R0011769,/learn/google-machine-learning?specialization=machine-learning-tensorflow-gcp,2022-12-10,"The course is interesting but focuses on very theoretical aspects, more suited to academia than the working world.",3
R0002084,/learn/leading-teams-developing-as-a-leader?specialization=strategic-leadership,2023-02-18,"Too much content per week. You learn the basics of the formulas, but it is difficult to digest all the information in only three weeks and with practical exercises in Python if you have no practice in the language.",2
R0003227,/learn/leading-teams-developing-as-a-leader?specialization=strategic-leadership,2022-08-11,Great course by standford university. I have learned some new Algorithms and this will definately help me to build my carrier in Machine Learning : ),5
R0002120,/learn/leading-teams-developing-as-a-leader?specialization=strategic-leadership,2023-02-11,Pretty good for starters!the content was explained masterfully and the labs helped to develop my practical skills a lot.,5
R0020475,/learn/c-for-everyone?specialization=coding-for-everyone,2022-06-29,THE FINAL ASSIGMENT IS TO HARD,1
R0003956,/learn/designing-organization?specialization=strategic-leadership,2023-02-13,The course content is great but I didn't like that the instructor said that the labs are optional and you don't even…,3
R0002624,/learn/leading-teams-developing-as-a-leader?specialization=strategic-leadership,2022-10-31,"Well done course - carefully walks students through basic machine concepts, and builds on these concepts progressively throughout the course.",5
R0011883,/learn/google-machine-learning?specialization=machine-learning-tensorflow-gcp,2022-11-14,"I have completed this course in full and as a result, I am highly satisfued with how Professor Andrew Ng explains the…",1
R0003454,/learn/leading-teams-developing-as-a-leader?specialization=strategic-leadership,2022-07-20,"Doesn't really enable ""DeepUnderstanding"" - all abit rushed. Spend time afterwards going through more examples with more rigor.",3
R0002373,/learn/leading-teams-developing-as-a-leader?specialization=strategic-leadership,2022-12-23,This course was very great and Exciting for me.,5
R0002600,/learn/leading-teams-developing-as-a-leader?specialization=strategic-leadership,2022-11-05,Engaging content and helpful instruction,5
R0069511,/learn/java-programming?specialization=object-oriented-programming,2022-07-06,a very interesting course.,5
R0069478,/learn/java-programming?specialization=object-oriented-programming,2022-07-10,"All the fundaments explained at a slow pace, to help the learner to fix concepts in the mind.",5
R0002843,/learn/leading-teams-developing-as-a-leader?specialization=strategic-leadership,2022-09-28,I was expecting something more challenging and more in depth,2
R0002480,/learn/leading-teams-developing-as-a-leader?specialization=strategic-leadership,2022-11-29,"Great course, for basic understanding.",4
R0002727,/learn/leading-teams-developing-as-a-leader?specialization=strategic-leadership,2022-10-14,exceptional course with expericed teacher and staff,5
R0003054,/learn/leading-teams-developing-as-a-leader?specialization=strategic-leadership,2022-08-29,"Excellent Course, Highly recommended",5
R0003356,/learn/leading-teams-developing-as-a-leader?specialization=strategic-leadership,2022-07-28,I love the course. Easy to follow explanations and practical examples. The Labs were very useful,5
R0012038,/learn/google-machine-learning?specialization=machine-learning-tensorflow-gcp,2022-10-18,"I feel like this course tries it's hardest, that everyone can follow it.",1
R0002164,/learn/leading-teams-developing-as-a-leader?specialization=strategic-leadership,2023-01-31,Really this course helped me to learn new stuff about Machine Learning and more importantly mathematical side of ML algorithms. All the optional labs and practice labs were informative and interactive. Thank You.,5
R0002162,/learn/leading-teams-developing-as-a-leader?specialization=strategic-leadership,2023-02-01,I have learned a lot! Thank you!,5
R0002194,/learn/leading-teams-developing-as-a-leader?specialization=strategic-leadership,2023-01-26,"perfect, but mathematics and academics subject was lesser than it should be",4
R0020318,/learn/c-for-everyone?specialization=coding-for-everyone,2022-07-17,It is the Best Course for Supervised Machine Learning!Andrew Ng Sir has been like always has such important & difficult…,5
R0020450,/learn/c-for-everyone?specialization=coding-for-everyone,2022-07-03,"The course is great regarding content and explanations. On the other hand, it could have more practice tasks that one should do on their own to better understand the topic and grasp knowledge in the field. In the last practice task in the section for user's input, there is a suggestion to use inefficient code without vectorization which is in ML crucial as professor Ng mentioned.",4
R0011748,/learn/google-machine-learning?specialization=machine-learning-tensorflow-gcp,2022-12-14,"It is a good course for complete beginners, but for those who want to know things in detail, this course just doesn't…",3
R0002508,/learn/leading-teams-developing-as-a-leader?specialization=strategic-leadership,2022-11-22,"I am a total beginner in Machine Learning and this course gave me complete understanding of the basic algorithms. Before that I'd tried to code without getting a point, however after this course it starts already to make sence",5
R0002413,/learn/leading-teams-developing-as-a-leader?specialization=strategic-leadership,2022-12-14,"It is a good course for complete beginners, but for those who want to know things in detail, this course just doesn't quite cut it. It skips the details too much.",3
R0173590,/learn/safety-utility-industry?specialization=energy-industry,2023-02-26,Should also some small projects for better understanding!,3
R0003331,/learn/leading-teams-developing-as-a-leader?specialization=strategic-leadership,2022-07-31,The course content is really awesome and the lab assignments helped me a lot to understand about the concepts discussed .,5
R0002382,/learn/leading-teams-developing-as-a-leader?specialization=strategic-leadership,2022-12-20,Really great course! Recommend everyone who has lack of ML knowledges!,5
R0002069,/learn/leading-teams-developing-as-a-leader?specialization=strategic-leadership,2023-02-20,I MUST CONFESS THAT I HAVE NOT ONLY UNDERSTOOD THE COURSE BUT I REALLY ENJOYED IT TOO.THIS IS A COURSE WORTH ITS PRICE. THANKS TO EVERYONE WHO CONTRIBUTED TO ITS ESTABLISMENT.THANK YOU.,5
R0003428,/learn/leading-teams-developing-as-a-leader?specialization=strategic-leadership,2022-07-22,"I have just finished the old machine learning course, and I'm doing this because I'm learning python/numpy/matplotlib. I thought the question during the course and quizzes insulted my intelligence. The material is great, but you need to improve the simple questions and quizzes. The first programming assignment was too easy, the second programming assignment was at a fair level. I still think more should be left to the student to do.",3
R0002107,/learn/leading-teams-developing-as-a-leader?specialization=strategic-leadership,2023-02-13,The course content is great but I didn't like that the instructor said that the labs are optional and you don't even have to know python and then I found out that there are graded labs!! this is really confusing as even when I tried to use hints and write the code I found out that it does not work.,3
R0002416,/learn/leading-teams-developing-as-a-leader?specialization=strategic-leadership,2022-12-14,Great for building foundation,5
R0002527,/learn/leading-teams-developing-as-a-leader?specialization=strategic-leadership,2022-11-18,Concepts are excellently explained.,5
R0002056,/learn/leading-teams-developing-as-a-leader?specialization=strategic-leadership,2023-02-23,"The explanation was pretty clear however, the code should be explained by the instructor.",4
R0012155,/learn/google-machine-learning?specialization=machine-learning-tensorflow-gcp,2022-10-02,Practice labs are not well organized as previous course.,3
R0012235,/learn/google-machine-learning?specialization=machine-learning-tensorflow-gcp,2022-09-20,"If you are looking to explore and learn about Machine Learning and Data Science, this course is a must one.",5
R0004121,/learn/designing-organization?specialization=strategic-leadership,2023-01-09,I learned a lot in this part and would like to continue further but one point that I would like to raise is that it…,4
R0002369,/learn/leading-teams-developing-as-a-leader?specialization=strategic-leadership,2022-12-24,It's a great course I loved the videos maths behind the algorithms are explend flowlesslyI wish it focused on practice bit more,4
R0002666,/learn/leading-teams-developing-as-a-leader?specialization=strategic-leadership,2022-10-24,A great start with ML,5
R0003144,/learn/leading-teams-developing-as-a-leader?specialization=strategic-leadership,2022-08-20,"if labs were optional then why are there compulsory coding assignments, labs must not be optional, instead make us type code step by step, like MATLAB onramp courses.",3
R0003444,/learn/leading-teams-developing-as-a-leader?specialization=strategic-leadership,2022-07-21,Full theoratical and practical course especiallly for beginners,5
R0002097,/learn/leading-teams-developing-as-a-leader?specialization=strategic-leadership,2023-02-14,First too easy and at the last assignment no chance to get help for weeks. I can't finish this course. I don't see any difference from the hints towards my programming lines but still it's not working so I can not finish.,1
R0003014,/learn/leading-teams-developing-as-a-leader?specialization=strategic-leadership,2022-09-03,Thank you for the course,5
R0003961,/learn/designing-organization?specialization=strategic-leadership,2023-02-12,"The course material was outstanding; however, I found assignments not challenging enough.",4
R0002453,/learn/leading-teams-developing-as-a-leader?specialization=strategic-leadership,2022-12-04,"I really liked the course , gives an entry point to ML world .",5
R0002643,/learn/leading-teams-developing-as-a-leader?specialization=strategic-leadership,2022-10-29,Awesome step by step learning. Thanks for the hand held experience,5
R0002764,/learn/leading-teams-developing-as-a-leader?specialization=strategic-leadership,2022-10-10,Great course for beginners to Machine Learning. The vastly updated codebase to Python will be very useful for practiioners. The interactive model fits really gives a hands on exploration to beginner Data Scientists. Would be great if you can make the slides available for reference.,5
R0002580,/learn/leading-teams-developing-as-a-leader?specialization=strategic-leadership,2022-11-08,this course is really excellent. The theoretical explanations are really good. I could follow easily. The programming part is a bit difficult if you don't have experience in programming. A bit more teaching on this would be really great.,5
R0016797,/learn/exposure-photography?specialization=photography-basics,2022-07-11,"Andrew sir's teaching made the course interesting and exciting. However, the course was too easy and some more mathematically oriented discussions could have been done.",4
R0011931,/learn/google-machine-learning?specialization=machine-learning-tensorflow-gcp,2022-11-06,The Course sheds light on the two machine learning algorithms: Linear Regression and Logistic Regression.,4
R0002444,/learn/leading-teams-developing-as-a-leader?specialization=strategic-leadership,2022-12-06,the course is well structured and you'll gain the fundamentals of ML. But the practical labs should be more challenging in my opinion. I am looking forward to the next course.,3
R0002885,/learn/leading-teams-developing-as-a-leader?specialization=strategic-leadership,2022-09-21,"It would be better if we had some python tutorial in starting of course.bnbrigouep98gwh4cvoipmorseh,wiow",1
R0002962,/learn/leading-teams-developing-as-a-leader?specialization=strategic-leadership,2022-09-11,éå¸¸çç»è´ãçå¨ï¼ç»éæµªå¾èåï¼,5
R0012451,/learn/google-machine-learning?specialization=machine-learning-tensorflow-gcp,2022-08-21,"The course was very helpfull and the instructor made the course very easy to understand ,I wish i could thank him in…",4
R0002656,/learn/leading-teams-developing-as-a-leader?specialization=strategic-leadership,2022-10-26,"It's prefect but although the programming assignments are optional, they are a bit not easy and the final assignemts is not easy also.",4
R0020456,/learn/c-for-everyone?specialization=coding-for-everyone,2022-07-02,Prefect course for beginners,5
R0002732,/learn/leading-teams-developing-as-a-leader?specialization=strategic-leadership,2022-10-13,One of the best courses in ML for those who are begining in ML.,5
R0003206,/learn/leading-teams-developing-as-a-leader?specialization=strategic-leadership,2022-08-14,Amazing course. Extremely well made and concise. Thank you Andrew.,4
R0002703,/learn/leading-teams-developing-as-a-leader?specialization=strategic-leadership,2022-10-18,"I feel like this course tries it's hardest, that everyone can follow it. But because of that it doesn't really dare to go deeper than just give an overview of machine learning. The tests are way too easy to pass with 100% and you can't really write your own algorithms afterwards. Also most of the examples are with one variable, so it's easier to follow, but it would be much more helpful, if we could see more complicated and real live examples.",1
R0069508,/learn/java-programming?specialization=object-oriented-programming,2022-07-07,The quizes are too straight forward and simple.,2
R0002279,/learn/leading-teams-developing-as-a-leader?specialization=strategic-leadership,2023-01-08,It was a good pleasure to learn algorithms from Sir Andrew Ng and stanford University. The Content in the course was very Easy and the concept were made crystal clear.,4
R0003134,/learn/leading-teams-developing-as-a-leader?specialization=strategic-leadership,2022-08-20,"If you are a beginner in machine learning and want to get an intuition of the ML both in concept and in coding you have to try this. Well Done, Andrew!",5
R0002517,/learn/leading-teams-developing-as-a-leader?specialization=strategic-leadership,2022-11-20,"Sir Andrew ng goat,Simple and easy breakdown of complex concept.",5
R0002582,/learn/leading-teams-developing-as-a-leader?specialization=strategic-leadership,2022-11-08,Oversimplified,2
R0020509,/learn/c-for-everyone?specialization=coding-for-everyone,2022-06-24,a bit more complicated tests will be good,4
R0020513,/learn/c-for-everyone?specialization=coding-for-everyone,2022-06-23,Best ML course to gain the foundational skills!!,5
R0003320,/learn/leading-teams-developing-as-a-leader?specialization=strategic-leadership,2022-08-01,This is one of the best courses available for learning the basics of supervised learning algorithms.,5
R0004062,/learn/designing-organization?specialization=strategic-leadership,2023-01-21,Nice to finally discover some practical applications of all the calculus I learned years ago.,5
R0002063,/learn/leading-teams-developing-as-a-leader?specialization=strategic-leadership,2023-02-21,"It is absolutely best course, opened my mind on ML.",5
R0012387,/learn/google-machine-learning?specialization=machine-learning-tensorflow-gcp,2022-08-29,"Well taught, very beginer friendly.",4
R0002799,/learn/leading-teams-developing-as-a-leader?specialization=strategic-leadership,2022-10-05,"Lovely explaination by the proffessor , the flow and chronology was absolutely perfect",4
R0011773,/learn/google-machine-learning?specialization=machine-learning-tensorflow-gcp,2022-12-09,One of the best courses I have taken on machine learning.,5
R0002868,/learn/leading-teams-developing-as-a-leader?specialization=strategic-leadership,2022-09-25,Great teachingWould have been better if arrays and vector operations in python are touched upon. May be an option course to understand python arrays and vectors which are used in ML,4
R0002733,/learn/leading-teams-developing-as-a-leader?specialization=strategic-leadership,2022-10-13,very nice course to get introduced to machine learning,5
R0003253,/learn/leading-teams-developing-as-a-leader?specialization=strategic-leadership,2022-08-08,Great learning,4
R0004176,/learn/designing-organization?specialization=strategic-leadership,2022-12-29,I find it absolutely wonderful.,4
R0016788,/learn/exposure-photography?specialization=photography-basics,2022-07-12,Graded Assignments were slightly on the easier side.,4
R0002970,/learn/leading-teams-developing-as-a-leader?specialization=strategic-leadership,2022-09-09,"I don't know if I'm perhaps not the target group of this course, so perhaps my review isn't relevant.The course itself felt very slow and shallow, and did not give me a lot of theoretical background that I was interested in understanding.Additionally, I find the optional labs, quite cumbersome to load and play with, additionally the practice quizzes were sometimes phrased a bit confusingly.However, I do have to say that I understood the main ideas. It's just very not challenging.",3
R0002327,/learn/leading-teams-developing-as-a-leader?specialization=strategic-leadership,2022-12-29,"I find it absolutely wonderful. Any beginner can easily understand it.I think one way to make it better is to add additional lab videos for doing optional lab stuff.Enjoyed a lot, Andrew Ng you are greatest teacher I have ever met. Thank You.",4
R0004156,/learn/designing-organization?specialization=strategic-leadership,2023-01-02,I loved the step by step training by Andrew.,5
R0002792,/learn/leading-teams-developing-as-a-leader?specialization=strategic-leadership,2022-10-06,It is a great course and everyone who wants to learn the concepts of machine learning should definitely try this course.,5
R0003220,/learn/leading-teams-developing-as-a-leader?specialization=strategic-leadership,2022-08-11,"a very impressive, entertaining and productive course. Thanks for everyting.",5
R0011928,/learn/google-machine-learning?specialization=machine-learning-tensorflow-gcp,2022-11-06,The focus of the whole course is on gradient descent.,3
R0020519,/learn/c-for-everyone?specialization=coding-for-everyone,2022-06-22,"The course is very interesting. I have learnt a deep understanding on machine learning, now I know the difference between regression and classification.",5
R0002397,/learn/leading-teams-developing-as-a-leader?specialization=strategic-leadership,2022-12-17,"An excellent teacher, with high-quality (and addictive) lectures which really motivated me to continue into the domaine of Machine learning and Deep learning ! I highly recommend this course for everyone, especially for beginners who want to know more about the field ; the flow is nice, it's easy to follow at your own rythm and doesn't require much skills prealably, so very accessible. Thanks to Stanford University and Coursera for this first experience that I enjoyed a lot",5
R0002548,/learn/leading-teams-developing-as-a-leader?specialization=strategic-leadership,2022-11-14,"I have completed this course in full and as a result, I am highly satisfued with how Professor Andrew Ng explains the materials. Thank you for this! However, I cannot understand, why after completing the course a part of studying materials are not accessible, even though I paid a sufficient price for the course. These unaccessible materials include Python programs which were used as a practice. Frankly, I find it unfair, since this practice would be extremely important to revise the materials while improving my skills in Machine Learning in the future. Moreover, a part of the montly fee was paid also for the practice materials. I may agree that these Python programs can be private, however,there should be ways to overcome this issue. Without the possibility to revise the code it will be much harder to create our own applications and programs.",1
R0002478,/learn/leading-teams-developing-as-a-leader?specialization=strategic-leadership,2022-11-29,"Theory Lectures were amazing! But, there are only 2 practice Labs. More variety of practice Labs should be included in this course. Other than that, everything was perfect!!",4
R0011920,/learn/google-machine-learning?specialization=machine-learning-tensorflow-gcp,2022-11-07,Very good - easy to understand instruction and enjoyable to listen to.The lab's are excellent to take the theory and…,5
R0003095,/learn/leading-teams-developing-as-a-leader?specialization=strategic-leadership,2022-08-24,Enjoyed this course and the labs and notebooks were very helpful,5
R0003261,/learn/leading-teams-developing-as-a-leader?specialization=strategic-leadership,2022-08-07,"I was doing another courses in machine learning and on those courses I never knew what I was doing, if you want to learn whats happening under the hood of those machine learning libraries in python this is the course for you",5
R0002549,/learn/leading-teams-developing-as-a-leader?specialization=strategic-leadership,2022-11-14,super intuitive course i love it,5
R0002993,/learn/leading-teams-developing-as-a-leader?specialization=strategic-leadership,2022-09-06,If the course was more programming-oriented it would be better. All in all the course was really helpful and very easy to understand.,4
R0002423,/learn/leading-teams-developing-as-a-leader?specialization=strategic-leadership,2022-12-12,Very well-designed course with brilliant lectures. It is highly recommended for effective learning. Thank you very much for such an excellent course!,5
R0002399,/learn/leading-teams-developing-as-a-leader?specialization=strategic-leadership,2022-12-17,Good wa to build intution about how a machine learning algorithm,4
R0002875,/learn/leading-teams-developing-as-a-leader?specialization=strategic-leadership,2022-09-24,"Really interesting, Good teacher",4
R0003985,/learn/designing-organization?specialization=strategic-leadership,2023-02-06,Good intro to the underlying theory of regression/classification.,5
R0002786,/learn/leading-teams-developing-as-a-leader?specialization=strategic-leadership,2022-10-06,Amazing teaching!,5
R0003225,/learn/leading-teams-developing-as-a-leader?specialization=strategic-leadership,2022-08-11,Too much theory and very few practice.,2
R0002454,/learn/leading-teams-developing-as-a-leader?specialization=strategic-leadership,2022-12-04,This course is awesome! It defines the most sophisticated subjects in machine learning in the simplest way possible and the homework notebooks are great.,5
R0002486,/learn/leading-teams-developing-as-a-leader?specialization=strategic-leadership,2022-11-29,"There is no actual way to learn the basics of Python, you just CTRL+F other labs.",4
R0002852,/learn/leading-teams-developing-as-a-leader?specialization=strategic-leadership,2022-09-27,Awesome course taught by one of the greatest teachers. We are expected to get the intution of core ideas rather than worry about the coding aspect of ML which usually overwhelms the beginners with no coding experience.,5
R0002465,/learn/leading-teams-developing-as-a-leader?specialization=strategic-leadership,2022-12-01,"You need to know Python, calculus and linear algebra for this course. I have a background in the last two, but never having used Python before, I'm unable to complete the final exam.",2
R0002525,/learn/leading-teams-developing-as-a-leader?specialization=strategic-leadership,2022-11-18,"Very nice course, more detailed explanation on every process of supervised learning. Thanks to Anderw NG and his team and Deeplearning.ai",4
R0016584,/learn/exposure-photography?specialization=photography-basics,2022-08-01,The best of the best.,5
R0016686,/learn/exposure-photography?specialization=photography-basics,2022-07-23,I really appreciate the course instuctor and tutors for putting such efforts to simplify the concepts and algorithems to…,5
